id,name
0,Zero
12,Joe
1000,Rohit
1001,Chakrapani
1002,Ahmed
1003,Omar
1004,Lamarcus
1005,Giannis
1006,Abendigubububua
1007,Lorris
1008,Vladimir
1009,Emilio
1010,Pedro
1011,Rabindronath
1012,Kyle
1013,Ben
1014,Bert
1015,Anjali
1016,Hanna
1017,Desiree
1018,Christina
1019,Pradeep
1020,Renuka
1021,Sofia
1022,Jared
1023,Kieran
1024,Leslie
1025,Bobby
1026,Bongo
1027,Deyu
1028,Penny
1029,Nyugn
1030,Samoan
1031,Henri
1032,Ossama
1033,Niple
1034,Nandita
1035,Arpun
1036,Ethan
1037,Perry
1038,Kitty
1039,Kaahir
1040,Yassin
1041,Dilshod
1042,Shayan
1043,Aayush
1044,Tobi
1045,Carlos
1046,Arjun
1047,Jusso
1048,Fart
1049,Jin
1050,Winglu
